{
  "project_info": {
    "project_number": "504907837182",
    "project_id": "cleanarc-3c8c5",
    "storage_bucket": "cleanarc-3c8c5.appspot.com"
  },
  "client": [
    {
      "client_info": {
        "mobilesdk_app_id": "1:504907837182:android:5a38f8064e3a7c3315ffaf",
        "android_client_info": {
          "package_name": "com.example.cleanarcapplication"
        }
      },
      "oauth_client": [
        {
          "client_id": "504907837182-m8a5n41h6emb565ccs4m63dnq64osmvr.apps.googleusercontent.com",
          "client_type": 1,
          "android_info": {
            "package_name": "com.example.cleanarcapplication",
            "certificate_hash": "2f12a82ca4e222170297688a336ced3a881f7d4c"
          }
        },
        {
          "client_id": "504907837182-p2ls8mtgchvsbi79t8fgcl9gh6rrlhv0.apps.googleusercontent.com",
          "client_type": 3
        }
      ],
      "api_key": [
        {
          "current_key": "AIzaSyCGQBPPeDFRLZkb5u74U7HQKEsY425X5v4"
        }
      ],
      "services": {
        "appinvite_service": {
          "other_platform_oauth_client": [
            {
              "client_id": "504907837182-p2ls8mtgchvsbi79t8fgcl9gh6rrlhv0.apps.googleusercontent.com",
              "client_type": 3
            }
          ]
        }
      }
    }
  ],
  "configuration_version": "1"
}